{
  "label": "alanine dipeptide (250 ns)",
  "n_frames": 50000,
  "n_residues": 1,
  "n_atoms": 22,
  "selection": "all",
  "stride": 5,
  "time_ordered": true,
  "time_unit": "ps",
  "time_per_frame": 5.0,
  "rmsd_mean": 1.3333748579025269,
  "rmsd_max": 1.9311974048614502,
  "rmsf_mean": 0.3012683391571045,
  "rmsf_max": 0.3012683391571045,
  "pc1_var": 0.0,
  "pc12_var": 0.0,
  "top_flexible": [
    "ALA2"
  ],
  "motion_drivers": [
    "ALA2"
  ],
  "q_mean": null,
  "q_min": null,
  "kinetics": true,
  "tica_lag": 10,
  "tica_timescales": [
    280.52285644100095,
    72.73463833607931,
    8.363966911951406,
    6.023913008351409
  ],
  "n_microstates": 100,
  "n_macrostates": 4,
  "macro_pops": [
    0.001580457596461642,
    0.030708923814505622,
    0.3374844280578949,
    0.6302261905311379
  ],
  "macro_pops_sorted": [
    0.6302261905311379,
    0.3374844280578949,
    0.030708923814505622,
    0.001580457596461642
  ],
  "msm_timescales": [
    1264.3008603807284,
    74.55139106133706,
    34.144824639431505,
    24.23865704435741
  ],
  "mfpt": [
    [
      0.0,
      713.6494204841265,
      1637.307468920686,
      1396.2841697677836
    ],
    [
      41798.4380172941,
      0.0,
      1590.4786614794969,
      1350.3658082886748
    ],
    [
      81044.52082636564,
      39795.82023290657,
      0.0,
      158.44081635548173
    ],
    [
      80949.57252069835,
      39701.56992938064,
      304.26648220211126,
      0.0
    ]
  ],
  "contact_diff": true,
  "representative_frames": {
    "0": 18900,
    "1": 18880,
    "2": 32014,
    "3": 39614
  },
  "n_states": 4,
  "state_pops": [
    0.6302261905311379,
    0.3374844280578949,
    0.030708923814505622,
    0.001580457596461642
  ],
  "rama": true,
  "ss_frac": {
    "helix": 0.0,
    "sheet": 0.0,
    "coil": 0.333
  },
  "dssp_timeline": false
}