{
  "summary": {
    "n": 8,
    "counts": {
      "PASS": 4,
      "FLAG": 3,
      "REJECT": 1
    },
    "pass_rate": 0.5,
    "failure_modes": {
      "ice / contamination": 4,
      "weak CTF / astigmatism": 3,
      "drift / blur": 2
    },
    "distributions": {
      "defocus_um": [
        1.2341892771497085,
        2.0978597464885236,
        0.7896964713943131,
        1.9970687016101405,
        1.5012585131894485,
        1.4990489893799244,
        1.4996013703323052,
        1.608900274066461
      ],
      "resolution_ang": [
        3.786896869722591,
        3.786896869722591,
        3.2750643923840363,
        3.773584905660377,
        3.2051282051282044,
        3.088803088803089,
        3.948667324777888
      ],
      "fit_cc": [
        0.6828079851955033,
        0.7245354906871501,
        0.43121085441050255,
        0.8034709486283022,
        0.7776617494640703,
        0.049363339382689525,
        0.8512655019411509,
        0.2009900064223066
      ],
      "astig_um": [
        0.0,
        0.0,
        0.0,
        0.6142857142857145,
        0.0,
        0.0,
        0.0,
        0.0
      ]
    },
    "dist_stats": {
      "defocus_um": {
        "n": 8,
        "min": 0.79,
        "median": 1.5,
        "max": 2.098,
        "mean": 1.528
      },
      "resolution_ang": {
        "n": 7,
        "min": 3.089,
        "median": 3.774,
        "max": 3.949,
        "mean": 3.552
      },
      "fit_cc": {
        "n": 8,
        "min": 0.049,
        "median": 0.704,
        "max": 0.851,
        "mean": 0.565
      },
      "astig_um": {
        "n": 8,
        "min": 0.0,
        "median": 0.0,
        "max": 0.614,
        "mean": 0.077
      }
    }
  },
  "data_source": "EMPIAR-10025 (T20S) + EMPIAR-10061 (beta-gal) + synthetic failure modes",
  "pixel_size_a": null,
  "kv": 300.0,
  "cs_mm": 2.7,
  "llm": "From 8 micrographs collected, 4 passed QC (50% pass rate), 3 were flagged, and 1 was rejected. The dominant failure mode is ice/contamination (4 instances), followed by weak CTF/astigmatism (3 instances) and drift/blur (2 instances). The defocus range spans 0.79-2.10 \u03bcm (median 1.5 \u03bcm), with resolution averaging 3.55 \u00c5 where measurable. CTF fit quality is highly variable (fit_cc: 0.049-0.851, median 0.704). One micrograph shows severe drift with undetectable CTF signal, while another has significant astigmatism (0.61 \u03bcm). **Recommendation: Improve specimen preparation to reduce ice contamination and check column alignment to minimize astigmatism.**",
  "micrographs": [
    {
      "name": "empiar10025_T20S_02.mrc",
      "shape": "7676x7420",
      "score": 0.997,
      "verdict": "PASS",
      "reasons": "good Thon rings, sharp, clean background",
      "i_mean": 16.17671012878418,
      "i_std": 0.9419786930084229,
      "i_pmin": 7.224287509918213,
      "i_pmax": 23.881017684936523,
      "i_bright_outlier_frac": 1.3169793761029702e-06,
      "i_dark_outlier_frac": 9.657848758088449e-06,
      "i_local_var_cv": 0.24147718356819586,
      "i_n_blobs": 0,
      "i_blob_area_frac": 0.0,
      "i_ice_thickness_proxy": 0.6260971940154293,
      "d_hf_power_frac": 0.8312320129873595,
      "d_tenengrad": 22.206750869750977,
      "d_anisotropy": 0.002090964595857875,
      "c_defocus1_um": 2.1,
      "c_defocus2_um": 2.1,
      "c_defocus_um": 2.1,
      "c_astig_um": 0.0,
      "c_astig_angle_deg": 0.0,
      "c_cc": 0.725,
      "c_fit_res_ang": 3.79,
      "c_ring_extent_frac": 0.694,
      "c_n_rings": 28,
      "c_pixel_size_a": 1.3149999380111694,
      "c_have_pixel_size": true,
      "c_kv": 300.0,
      "c_cs_mm": 2.7
    },
    {
      "name": "empiar10025_T20S_01.mrc",
      "shape": "7676x7420",
      "score": 0.997,
      "verdict": "PASS",
      "reasons": "good Thon rings, sharp, clean background",
      "i_mean": 16.131473541259766,
      "i_std": 0.8849506378173828,
      "i_pmin": 10.125478744506836,
      "i_pmax": 21.126646041870117,
      "i_bright_outlier_frac": 0.0,
      "i_dark_outlier_frac": 1.755972501470627e-06,
      "i_local_var_cv": 0.1773485619940046,
      "i_n_blobs": 0,
      "i_blob_area_frac": 0.0,
      "i_ice_thickness_proxy": 0.6260972031248555,
      "d_hf_power_frac": 0.8360519630052736,
      "d_tenengrad": 23.201919555664062,
      "d_anisotropy": 0.002163356228939617,
      "c_defocus1_um": 1.23,
      "c_defocus2_um": 1.23,
      "c_defocus_um": 1.23,
      "c_astig_um": 0.0,
      "c_astig_angle_deg": 0.0,
      "c_cc": 0.683,
      "c_fit_res_ang": 3.79,
      "c_ring_extent_frac": 0.694,
      "c_n_rings": 16,
      "c_pixel_size_a": 1.3149999380111694,
      "c_have_pixel_size": true,
      "c_kv": 300.0,
      "c_cs_mm": 2.7
    },
    {
      "name": "synth_good_01.mrc",
      "shape": "1024x1024",
      "score": 0.974,
      "verdict": "PASS",
      "reasons": "good Thon rings, sharp, clean background",
      "i_mean": 99.99501037597656,
      "i_std": 1.9232531785964966,
      "i_pmin": 90.12823486328125,
      "i_pmax": 108.70429992675781,
      "i_bright_outlier_frac": 0.0,
      "i_dark_outlier_frac": 0.0,
      "i_local_var_cv": 0.12461861698461031,
      "i_n_blobs": 0,
      "i_blob_area_frac": 0.0,
      "i_ice_thickness_proxy": 0.626097116864106,
      "d_hf_power_frac": 0.7290605894532093,
      "d_tenengrad": 27.142072677612305,
      "d_anisotropy": 0.0025601060752391096,
      "c_defocus1_um": 1.5,
      "c_defocus2_um": 1.5,
      "c_defocus_um": 1.5,
      "c_astig_um": 0.0,
      "c_astig_angle_deg": 0.0,
      "c_cc": 0.851,
      "c_fit_res_ang": 3.09,
      "c_ring_extent_frac": 0.647,
      "c_n_rings": 29,
      "c_pixel_size_a": 1.0,
      "c_have_pixel_size": true,
      "c_kv": 300.0,
      "c_cs_mm": 2.7
    },
    {
      "name": "synth_astig_01.mrc",
      "shape": "1024x1024",
      "score": 0.915,
      "verdict": "FLAG",
      "reasons": "high astigmatism (0.61 um @ 33 deg)",
      "i_mean": 99.99476623535156,
      "i_std": 1.9222556352615356,
      "i_pmin": 91.39765930175781,
      "i_pmax": 109.32654571533203,
      "i_bright_outlier_frac": 0.0,
      "i_dark_outlier_frac": 0.0,
      "i_local_var_cv": 0.12258318373902506,
      "i_n_blobs": 0,
      "i_blob_area_frac": 0.0,
      "i_ice_thickness_proxy": 0.6260971169570166,
      "d_hf_power_frac": 0.7275381227589571,
      "d_tenengrad": 27.101032257080078,
      "d_anisotropy": 0.0025716447548409602,
      "c_defocus1_um": 2.3,
      "c_defocus2_um": 1.69,
      "c_defocus_um": 2.0,
      "c_astig_um": 0.61,
      "c_astig_angle_deg": 33.42,
      "c_cc": 0.803,
      "c_fit_res_ang": 3.77,
      "c_ring_extent_frac": 0.53,
      "c_n_rings": 27,
      "c_pixel_size_a": 1.0,
      "c_have_pixel_size": true,
      "c_kv": 300.0,
      "c_cs_mm": 2.7
    },
    {
      "name": "empiar10061_bgal_01.mrc",
      "shape": "7420x7676",
      "score": 0.846,
      "verdict": "PASS",
      "reasons": "good Thon rings, sharp, clean background",
      "i_mean": 0.10174795985221863,
      "i_std": 0.010717046447098255,
      "i_pmin": 0.05289657413959503,
      "i_pmax": 1.0235406160354614,
      "i_bright_outlier_frac": 2.6339587522059404e-06,
      "i_dark_outlier_frac": 0.0,
      "i_local_var_cv": 0.48885024904421326,
      "i_n_blobs": 0,
      "i_blob_area_frac": 0.0,
      "i_ice_thickness_proxy": 0.6261101137882372,
      "d_hf_power_frac": 0.8371484780540044,
      "d_tenengrad": 24.018564224243164,
      "d_anisotropy": 0.0008166384251224563,
      "c_defocus1_um": 0.79,
      "c_defocus2_um": 0.79,
      "c_defocus_um": 0.79,
      "c_astig_um": 0.0,
      "c_astig_angle_deg": 159.95,
      "c_cc": 0.431,
      "c_fit_res_ang": 3.28,
      "c_ring_extent_frac": 0.389,
      "c_n_rings": 13,
      "c_pixel_size_a": 0.6370000243186951,
      "c_have_pixel_size": true,
      "c_kv": 300.0,
      "c_cs_mm": 2.7
    },
    {
      "name": "synth_carbon_01.mrc",
      "shape": "1024x1024",
      "score": 0.827,
      "verdict": "FLAG",